Model,ROC AUC,Log-Loss,Brier Score
XGBoost,0.5836063534779327,0.6791616503220466,0.24256367981433868
Logistic Regression,0.608427630109764,0.6678326608363473,0.23753772343358487
